{
  "config": {},
  "git_sha": "842012532444fdfa597c4da7b3041d7e5f4d8ac0",
  "metrics": {
    "frames.accuracy": 0.45,
    "frames.citation_precision": 0.9041666666666666,
    "frames.cost_per_query_usd": 0.0056300000000000005,
    "frames.task_completion_rate": 1.0,
    "musique.answer_f1": 0.05853330301814802,
    "musique.answer_f1_extracted": 0.49000000000000005,
    "musique.cost_per_query_usd": 0.0055899999999999995,
    "musique.task_completion_rate": 1.0
  }
}