{
  "config": {
    "dataset": "bdsaglam/musique",
    "dataset_config": "answerable",
    "dataset_split": "validation",
    "n_questions": 50,
    "seed": 42,
    "k_values": [
      3,
      5
    ],
    "rerank_model": "BAAI/bge-reranker-v2-m3"
  },
  "raw": {
    "hit_rate@3": 0.34,
    "recall@3": 0.16,
    "ndcg@3": 0.1519291447560907,
    "hit_rate@5": 0.48,
    "recall@5": 0.24666666666666667,
    "ndcg@5": 0.19737655843192298
  },
  "reranked": {
    "hit_rate@3": 0.96,
    "recall@3": 0.6983333333333333,
    "ndcg@3": 0.7301614980747482,
    "hit_rate@5": 0.98,
    "recall@5": 0.8216666666666668,
    "ndcg@5": 0.7896252659111457
  },
  "delta": {
    "hit_rate@3": 0.6199999999999999,
    "recall@3": 0.5383333333333332,
    "ndcg@3": 0.5782323533186575,
    "hit_rate@5": 0.5,
    "recall@5": 0.5750000000000001,
    "ndcg@5": 0.5922487074792226
  },
  "latency_ms": {
    "mean": 13811.159264000125,
    "p50": 13659.489900001063,
    "p95": 20324.905299999955,
    "n": 50
  }
}